{"wpo-product-table.js":{"dependencies":["wp-api-fetch","wp-html-entities","wp-i18n"],"version":"31d59e546c71060ecc47"},"wpo-quick-view.js":{"dependencies":["wp-api-fetch","wp-html-entities","wp-i18n"],"version":"c565db46fac10510eacb"},"wpo-restaurant-order.js":{"dependencies":["wp-api-fetch","wp-html-entities","wp-i18n"],"version":"7e887e202cb0ad24e3bd"},"wpo-single-product.js":{"dependencies":["wp-api-fetch","wp-html-entities","wp-i18n"],"version":"2494a13c048767aadc2c"},"wpo-cart-checkout.js":{"dependencies":[],"version":"afa87225137d8299f52a"},"admin/wpo-settings-page.js":{"dependencies":["lodash","react","react-dom","wp-api-fetch","wp-components","wp-date","wp-deprecated","wp-element","wp-hooks","wp-html-entities","wp-i18n","wp-media-utils"],"version":"d3238e299fc1c7576a0b"},"admin/wpo-import-export.js":{"dependencies":["lodash","react","react-dom","wp-api-fetch","wp-components","wp-element","wp-i18n"],"version":"b540616ba7004fe18d1c"},"admin/wpo-setup-wizard.js":{"dependencies":["react","wp-components","wp-hooks","wp-i18n"],"version":"b15be844bf731c997206"},"admin/wpo-dashboard.js":{"dependencies":["wp-api-fetch","wp-i18n"],"version":"c41a9d2c09969dc1c176"}}